#Taxonomy,Kingdom,Phylum,Class,Order,Family,Genus
OTU1015,Fungi,Ascomycota,Sordariomycetes,Hypocreales,Hypocreales_fam_Incertae_sedis,Acremonium
OTU1093,Fungi,Ascomycota,Sordariomycetes,Hypocreales,Hypocreales_fam_Incertae_sedis,Acremonium
OTU1198,Fungi,Ascomycota,Sordariomycetes,Hypocreales,Hypocreales_fam_Incertae_sedis,Acremonium
OTU1523,Fungi,Ascomycota,Sordariomycetes,Hypocreales,Hypocreales_fam_Incertae_sedis,Acremonium
OTU1558,Fungi,Ascomycota,Sordariomycetes,Hypocreales,Hypocreales_fam_Incertae_sedis,Acremonium
OTU234,Fungi,Basidiomycota,Agaricomycetes,Agaricales,Bolbitiaceae,Agrocybe
OTU1180,Fungi,Ascomycota,Leotiomycetes,Helotiales,Leotiaceae,Alatospora
OTU1074,Fungi,Ascomycota,Dothideomycetes,Pleosporales,Pleosporaceae,Alternaria
OTU581,Fungi,Ascomycota,Dothideomycetes,Pleosporales,Pleosporaceae,Alternaria
OTU617,Fungi,Ascomycota,Dothideomycetes,Pleosporales,Pleosporaceae,Alternaria
OTU488,Fungi,Basidiomycota,Agaricomycetes,Agaricales,Amanitaceae,Amanita
OTU503,Fungi,Basidiomycota,Agaricomycetes,Agaricales,Amanitaceae,Amanita
OTU538,Fungi,Basidiomycota,Agaricomycetes,Agaricales,Amanitaceae,Amanita
OTU870,Fungi,Chytridiomycota,Rhizophydiomycetes,Rhizophydiales,Angulomycetaceae,Angulomyces
OTU1355,Fungi,Ascomycota,Dothideomycetes,Pleosporales,Amorosiaceae,Angustimassarina
OTU1567,Fungi,Basidiomycota,Tremellomycetes,Trichosporonales,Trichosporonaceae,Apiotrichum
OTU1564,Fungi,Ascomycota,Archaeorhizomycetes,Archaeorhizomycetales,Archaeorhizomycetaceae,Archaeorhizomyces
OTU1565,Fungi,Ascomycota,Archaeorhizomycetes,Archaeorhizomycetales,Archaeorhizomycetaceae,Archaeorhizomyces
OTU1566,Fungi,Ascomycota,Archaeorhizomycetes,Archaeorhizomycetales,Archaeorhizomycetaceae,Archaeorhizomyces
OTU1568,Fungi,Ascomycota,Archaeorhizomycetes,Archaeorhizomycetales,Archaeorhizomycetaceae,Archaeorhizomyces
OTU1574,Fungi,Ascomycota,Archaeorhizomycetes,Archaeorhizomycetales,Archaeorhizomycetaceae,Archaeorhizomyces
OTU1593,Fungi,Ascomycota,Archaeorhizomycetes,Archaeorhizomycetales,Archaeorhizomycetaceae,Archaeorhizomyces
OTU185,Fungi,Basidiomycota,Agaricomycetes,Agaricales,Physalacriaceae,Armillaria
OTU229,Fungi,Basidiomycota,Agaricomycetes,Agaricales,Physalacriaceae,Armillaria
OTU423,Fungi,Ascomycota,Orbiliomycetes,Orbiliales,Orbiliaceae,Arthrobotrys
OTU562,Fungi,Ascomycota,Orbiliomycetes,Orbiliales,Orbiliaceae,Arthrobotrys
OTU1324,Fungi,Ascomycota,Dothideomycetes,Capnodiales,Capnodiales_fam_Incertae_sedis,Arthrocatena
OTU1329,Fungi,Ascomycota,Dothideomycetes,Capnodiales,Capnodiales_fam_Incertae_sedis,Arthrocatena
OTU1301,Fungi,Ascomycota,Dothideomycetes,Dothideomycetes_ord_Incertae_sedis,Eremomycetaceae,Arthrographis
OTU1014,Fungi,Ascomycota,Leotiomycetes,Helotiales,Helotiaceae,Articulospora
OTU928,Fungi,Ascomycota,Leotiomycetes,Helotiales,Helotiaceae,Articulospora
OTU668,Fungi,Ascomycota,Pezizomycetes,Pezizales,Ascobolaceae,Ascobolus
OTU741,Fungi,Ascomycota,Eurotiomycetes,Eurotiales,Aspergillaceae,Aspergillus
OTU520,Fungi,Basidiomycota,Agaricomycetes,Atheliales,Atheliaceae,Athelia
OTU1528,Fungi,Basidiomycota,Agaricomycetes,Auriculariales,Exidiaceae,Basidiodendron
OTU907,Fungi,Ascomycota,Dothideomycetes,Pleosporales,Pleosporaceae,Bipolaris
OTU947,Fungi,Ascomycota,Dothideomycetes,Pleosporales,Pleosporaceae,Bipolaris
OTU1274,Fungi,Ascomycota,Saccharomycetes,Saccharomycetales,Trichomonascaceae,Blastobotrys
OTU614,Fungi,Basidiomycota,Agaricomycetes,Cantharellales,Botryobasidiaceae,Botryobasidium
OTU1361,Fungi,Basidiomycota,Cystobasidiomycetes,Cystobasidiomycetes_ord_Incertae_sedis,Buckleyzymaceae,Buckleyzyma
OTU1582,Fungi,Basidiomycota,Tremellomycetes,Tremellales,Bulleraceae,Bullera
OTU717,Fungi,Ascomycota,Eurotiomycetes,Eurotiales,Thermoascaceae,Byssochlamys
OTU762,Fungi,Ascomycota,Eurotiomycetes,Eurotiales,Thermoascaceae,Byssochlamys
OTU767,Fungi,Ascomycota,Eurotiomycetes,Eurotiales,Thermoascaceae,Byssochlamys
OTU273,Fungi,Ascomycota,Leotiomycetes,Helotiales,Helotiales_fam_Incertae_sedis,Cadophora
OTU311,Fungi,Basidiomycota,Agaricomycetes,Agaricales,Tricholomataceae,Calyptella
OTU1416,Fungi,Ascomycota,Saccharomycetes,Saccharomycetales,Saccharomycetales_fam_Incertae_sedis,Candida
OTU1461,Fungi,Ascomycota,Saccharomycetes,Saccharomycetales,Saccharomycetales_fam_Incertae_sedis,Candida
OTU1466,Fungi,Ascomycota,Saccharomycetes,Saccharomycetales,Saccharomycetales_fam_Incertae_sedis,Candida
OTU1495,Fungi,Ascomycota,Saccharomycetes,Saccharomycetales,Saccharomycetales_fam_Incertae_sedis,Candida
OTU1497,Fungi,Ascomycota,Saccharomycetes,Saccharomycetales,Saccharomycetales_fam_Incertae_sedis,Candida
OTU1631,Fungi,Ascomycota,Saccharomycetes,Saccharomycetales,Saccharomycetales_fam_Incertae_sedis,Candida
OTU1635,Fungi,Ascomycota,Saccharomycetes,Saccharomycetales,Saccharomycetales_fam_Incertae_sedis,Candida
OTU647,Fungi,Ascomycota,Saccharomycetes,Saccharomycetales,Saccharomycetales_fam_Incertae_sedis,Candida
OTU699,Fungi,Ascomycota,Eurotiomycetes,Chaetothyriales,Herpotrichiellaceae,Capronia
OTU857,Fungi,Ascomycota,Sordariomycetes,Microascales,Microascaceae,Cephalotrichum
OTU675,Fungi,Basidiomycota,Agaricomycetes,Cantharellales,Ceratobasidiaceae,Ceratobasidium
OTU723,Fungi,Basidiomycota,Agaricomycetes,Cantharellales,Ceratobasidiaceae,Ceratobasidium
OTU746,Fungi,Basidiomycota,Agaricomycetes,Polyporales,Steccherinaceae,Ceriporiopsis
OTU1172,Fungi,Ascomycota,Sordariomycetes,Sordariales,Chaetomiaceae,Chaetomium
OTU569,Fungi,Ascomycota,Sordariomycetes,Sordariales,Chaetomiaceae,Chaetomium
OTU701,Fungi,Ascomycota,Dothideomycetes,Pleosporales,Phaeosphaeriaceae,Chaetosphaeronema
OTU1169,Fungi,Ascomycota,Leotiomycetes,Helotiales,Helotiales_fam_Incertae_sedis,Chalara
OTU1195,Fungi,Ascomycota,Leotiomycetes,Helotiales,Helotiales_fam_Incertae_sedis,Chalara
OTU975,Fungi,Ascomycota,Leotiomycetes,Helotiales,Helotiales_fam_Incertae_sedis,Chalara
OTU771,Fungi,Ascomycota,Eurotiomycetes,Onygenales,Onygenales_fam_Incertae_sedis,Chrysosporium
OTU833,Fungi,Ascomycota,Eurotiomycetes,Onygenales,Onygenales_fam_Incertae_sedis,Chrysosporium
OTU1222,Fungi,Ascomycota,Leotiomycetes,Helotiales,Hyaloscyphaceae,Cistella
OTU42,Fungi,Ascomycota,Eurotiomycetes,Chaetothyriales,Herpotrichiellaceae,Cladophialophora
OTU592,Fungi,Ascomycota,Eurotiomycetes,Chaetothyriales,Herpotrichiellaceae,Cladophialophora
OTU633,Fungi,Ascomycota,Eurotiomycetes,Chaetothyriales,Herpotrichiellaceae,Cladophialophora
OTU653,Fungi,Ascomycota,Eurotiomycetes,Chaetothyriales,Herpotrichiellaceae,Cladophialophora
OTU74,Fungi,Ascomycota,Eurotiomycetes,Chaetothyriales,Herpotrichiellaceae,Cladophialophora
OTU1162,Fungi,Ascomycota,Dothideomycetes,Capnodiales,Cladosporiaceae,Cladosporium
OTU878,Fungi,Ascomycota,Dothideomycetes,Capnodiales,Cladosporiaceae,Cladosporium
OTU1540,Fungi,Glomeromycota,Glomeromycetes,Glomerales,Claroideoglomeraceae,Claroideoglomus
OTU1559,Fungi,Glomeromycota,Glomeromycetes,Glomerales,Claroideoglomeraceae,Claroideoglomus
OTU1563,Fungi,Glomeromycota,Glomeromycetes,Glomerales,Claroideoglomeraceae,Claroideoglomus
OTU1584,Fungi,Glomeromycota,Glomeromycetes,Glomerales,Claroideoglomeraceae,Claroideoglomus
OTU1626,Fungi,Glomeromycota,Glomeromycetes,Glomerales,Claroideoglomeraceae,Claroideoglomus
OTU290,Fungi,Basidiomycota,Agaricomycetes,Agaricales,Tricholomataceae,Clitocybe
OTU271,Fungi,Basidiomycota,Agaricomycetes,Agaricales,Entolomataceae,Clitopilus
OTU307,Fungi,Basidiomycota,Agaricomycetes,Agaricales,Entolomataceae,Clitopilus
OTU1268,Fungi,Ascomycota,Sordariomycetes,Hypocreales,Bionectriaceae,Clonostachys
OTU1267,Fungi,Basidiomycota,Microbotryomycetes,Microbotryomycetes_ord_Incertae_sedis,Microbotryomycetes_fam_Incertae_sedis,Colacogloea
OTU772,Fungi,Ascomycota,Sordariomycetes,Glomerellales,Glomerellaceae,Colletotrichum
OTU925,Fungi,Ascomycota,Sordariomycetes,Glomerellales,Glomerellaceae,Colletotrichum
OTU344,Fungi,Entomophthoromycota,Entomophthoromycetes,Entomophthorales,Ancylistaceae,Conidiobolus
OTU349,Fungi,Entomophthoromycota,Entomophthoromycetes,Entomophthorales,Ancylistaceae,Conidiobolus
OTU1031,Fungi,Ascomycota,Sordariomycetes,Coniochaetales,Coniochaetaceae,Coniochaeta
OTU727,Fungi,Ascomycota,Sordariomycetes,Coniochaetales,Coniochaetaceae,Coniochaeta
OTU836,Fungi,Ascomycota,Sordariomycetes,Coniochaetales,Coniochaetaceae,Coniochaeta
OTU843,Fungi,Ascomycota,Sordariomycetes,Coniochaetales,Coniochaetaceae,Coniochaeta
OTU844,Fungi,Ascomycota,Sordariomycetes,Coniochaetales,Coniochaetaceae,Coniochaeta
OTU852,Fungi,Ascomycota,Sordariomycetes,Coniochaetales,Coniochaetaceae,Coniochaeta
OTU875,Fungi,Ascomycota,Sordariomycetes,Coniochaetales,Coniochaetaceae,Coniochaeta
OTU883,Fungi,Ascomycota,Sordariomycetes,Coniochaetales,Coniochaetaceae,Coniochaeta
OTU888,Fungi,Ascomycota,Sordariomycetes,Coniochaetales,Coniochaetaceae,Coniochaeta
OTU890,Fungi,Ascomycota,Sordariomycetes,Coniochaetales,Coniochaetaceae,Coniochaeta
OTU891,Fungi,Ascomycota,Sordariomycetes,Coniochaetales,Coniochaetaceae,Coniochaeta
OTU974,Fungi,Ascomycota,Sordariomycetes,Coniochaetales,Coniochaetaceae,Coniochaeta
OTU993,Fungi,Ascomycota,Sordariomycetes,Coniochaetales,Coniochaetaceae,Coniochaeta
OTU1096,Fungi,Ascomycota,Sordariomycetes,Sordariales,Sordariales_fam_Incertae_sedis,Conlarium
OTU1150,Fungi,Ascomycota,Sordariomycetes,Sordariales,Sordariales_fam_Incertae_sedis,Conlarium
OTU1154,Fungi,Ascomycota,Sordariomycetes,Sordariales,Sordariales_fam_Incertae_sedis,Conlarium
OTU105,Fungi,Basidiomycota,Agaricomycetes,Agaricales,Bolbitiaceae,Conocybe
OTU244,Fungi,Basidiomycota,Agaricomycetes,Agaricales,Bolbitiaceae,Conocybe
OTU247,Fungi,Basidiomycota,Agaricomycetes,Agaricales,Bolbitiaceae,Conocybe
OTU228,Fungi,Basidiomycota,Agaricomycetes,Agaricales,Psathyrellaceae,Coprinopsis
OTU270,Fungi,Basidiomycota,Agaricomycetes,Agaricales,Psathyrellaceae,Coprinopsis
OTU223,Fungi,Basidiomycota,Agaricomycetes,Agaricales,Agaricaceae,Coprinus
OTU340,Fungi,Basidiomycota,Agaricomycetes,Agaricales,Agaricaceae,Coprinus
OTU1076,Fungi,Basidiomycota,Agaricomycetes,Agaricales,Cortinariaceae,Cortinarius
OTU258,Fungi,Basidiomycota,Agaricomycetes,Agaricales,Cortinariaceae,Cortinarius
OTU346,Fungi,Basidiomycota,Agaricomycetes,Agaricales,Cortinariaceae,Cortinarius
OTU95,Fungi,Basidiomycota,Agaricomycetes,Agaricales,Crepidotaceae,Crepidotus
OTU1171,Fungi,Ascomycota,Leotiomycetes,Helotiales,Helotiaceae,Crocicreas
OTU1246,Fungi,Basidiomycota,Tremellomycetes,Tremellales,Tremellaceae,Cryptococcus
OTU1598,Fungi,Basidiomycota,Tremellomycetes,Tremellales,Tremellaceae,Cryptococcus
OTU1308,Fungi,Basidiomycota,Microbotryomycetes,Microbotryomycetes_ord_Incertae_sedis,Microbotryomycetes_fam_Incertae_sedis,Curvibasidium
OTU1052,Fungi,Ascomycota,Dothideomycetes,Pleosporales,Pleosporaceae,Curvularia
OTU1092,Fungi,Ascomycota,Dothideomycetes,Pleosporales,Pleosporaceae,Curvularia
OTU587,Fungi,Ascomycota,Dothideomycetes,Pleosporales,Pleosporaceae,Curvularia
OTU635,Fungi,Ascomycota,Dothideomycetes,Pleosporales,Pleosporaceae,Curvularia
OTU685,Fungi,Ascomycota,Dothideomycetes,Pleosporales,Pleosporaceae,Curvularia
OTU1389,Fungi,Ascomycota,Saccharomycetes,Saccharomycetales,Phaffomycetaceae,Cyberlindnera
OTU830,Fungi,Ascomycota,Saccharomycetes,Saccharomycetales,Phaffomycetaceae,Cyberlindnera
OTU603,Fungi,Ascomycota,Eurotiomycetes,Chaetothyriales,Cyphellophoraceae,Cyphellophora
OTU1431,Fungi,Basidiomycota,Cystobasidiomycetes,Cystobasidiales,Cystobasidiaceae,Cystobasidium
OTU754,Fungi,Ascomycota,Orbiliomycetes,Orbiliales,Orbiliaceae,Dactylella
OTU574,Fungi,Basidiomycota,Agaricomycetes,Polyporales,Polyporaceae,Daedaleopsis
OTU568,Fungi,Ascomycota,Saccharomycetes,Saccharomycetales,Debaryomycetaceae,Debaryomyces
OTU1407,Fungi,Ascomycota,Dothideomycetes,Pleosporales,Didymellaceae,Didymella
OTU1410,Fungi,Ascomycota,Dothideomycetes,Pleosporales,Didymellaceae,Didymella
OTU232,Fungi,Ascomycota,Leotiomycetes,Helotiales,Helotiaceae,Dimorphospora
OTU1108,Fungi,Ascomycota,Dothideomycetes,Capnodiales,Dissoconiaceae,Dissoconium
OTU952,Fungi,Ascomycota,Sordariomycetes,Hypocreales,Ophiocordycipitaceae,Drechmeria
OTU329,Fungi,Ascomycota,Orbiliomycetes,Orbiliales,Orbiliaceae,Duddingtonia
OTU299,Fungi,Basidiomycota,Agaricomycetes,Agaricales,Entolomataceae,Entoloma
OTU337,Fungi,Basidiomycota,Agaricomycetes,Agaricales,Entolomataceae,Entoloma
OTU1159,Fungi,Basidiomycota,Agaricomycetes,Auriculariales,Exidiaceae,Exidia
OTU584,Fungi,Ascomycota,Eurotiomycetes,Chaetothyriales,Herpotrichiellaceae,Exophiala
OTU606,Fungi,Ascomycota,Eurotiomycetes,Chaetothyriales,Herpotrichiellaceae,Exophiala
OTU666,Fungi,Ascomycota,Eurotiomycetes,Chaetothyriales,Herpotrichiellaceae,Exophiala
OTU1095,Fungi,Basidiomycota,Tremellomycetes,Filobasidiales,Filobasidiaceae,Filobasidium
OTU1266,Fungi,Basidiomycota,Tremellomycetes,Filobasidiales,Filobasidiaceae,Filobasidium
OTU1480,Fungi,Basidiomycota,Tremellomycetes,Filobasidiales,Filobasidiaceae,Filobasidium
OTU1241,Fungi,Ascomycota,Sordariomycetes,Sordariales,Lasiosphaeriaceae,Fimetariella
OTU1277,Fungi,Ascomycota,Sordariomycetes,Hypocreales,Nectriaceae,Fusarium
OTU1293,Fungi,Ascomycota,Sordariomycetes,Hypocreales,Nectriaceae,Fusarium
OTU1299,Fungi,Ascomycota,Sordariomycetes,Hypocreales,Nectriaceae,Fusarium
OTU1414,Fungi,Ascomycota,Sordariomycetes,Hypocreales,Nectriaceae,Fusarium
OTU531,Fungi,Basidiomycota,Agaricomycetes,Polyporales,Ganodermataceae,Ganoderma
OTU1412,Fungi,Basidiomycota,Tremellomycetes,Tremellales,Bulleraceae,Genolevuria
OTU1316,Fungi,Basidiomycota,Tremellomycetes,Filobasidiales,Filobasidiaceae,Goffeauzyma
OTU1251,Fungi,Basidiomycota,Tremellomycetes,Cystofilobasidiales,Cystofilobasidiaceae,Guehomyces
OTU305,Fungi,Basidiomycota,Agaricomycetes,Agaricales,Cortinariaceae,Gymnopilus
OTU1614,Fungi,Basidiomycota,Tremellomycetes,Tremellales,Bulleribasidiaceae,Hannaella
OTU1562,Fungi,Basidiomycota,Tremellomycetes,Tremellales,Bulleribasidiaceae,Hanunidentifiedella
OTU1607,Fungi,Basidiomycota,Tremellomycetes,Tremellales,Bulleribasidiaceae,Hanunidentifiedella
OTU437,Fungi,Ascomycota,Sordariomycetes,Melanosporales,Ceratostomataceae,Harzia
OTU598,Fungi,Ascomycota,Dothideomycetes,Tubeufiales,Tubeufiaceae,Helicoma
OTU1123,Fungi,Ascomycota,Sordariomycetes,Sordariales,Chaetomiaceae,Humicola
OTU1155,Fungi,Ascomycota,Leotiomycetes,Helotiales,Hyaloscyphaceae,Hyaloscypha
OTU732,Fungi,Ascomycota,Pezizomycotina_cls_Incertae_sedis,Pezizomycotina_ord_Incertae_sedis,Pezizomycotina_fam_Incertae_sedis,Hymenula
OTU597,Fungi,Basidiomycota,Agaricomycetes,Hymenochaetales,Schizoporaceae,Hyphodontia
OTU1456,Fungi,Ascomycota,Sordariomycetes,Hypocreales,Nectriaceae,Ilyonectria
OTU1476,Fungi,Ascomycota,Sordariomycetes,Hypocreales,Nectriaceae,Ilyonectria
OTU1262,Fungi,Ascomycota,Dothideomycetes,Pleosporales,Lentitheciaceae,Keissleriella
OTU77,Fungi,Chytridiomycota,Spizellomycetes,Spizellomycetales,Spizellomycetaceae,Kochiomyces
OTU747,Fungi,Basidiomycota,Agaricostilbomycetes,Agaricostilbales,Kondoaceae,Kondoa
OTU722,Fungi,Ascomycota,Lecanoromycetes,Lecanorales,Ramalinaceae,Lecania
OTU728,Fungi,Ascomycota,Sordariomycetes,Hypocreales,Cordycipitaceae,Lecanicillium
OTU774,Fungi,Ascomycota,Sordariomycetes,Hypocreales,Cordycipitaceae,Lecanicillium
OTU623,Fungi,Basidiomycota,Agaricomycetes,Polyporales,Coriolaceae,Lenzites
OTU932,Fungi,Ascomycota,Lecanoromycetes,Lecanorales,Stereocaulaceae,Lepraria
OTU992,Fungi,Ascomycota,Leotiomycetes,Helotiales,Helotiales_fam_Incertae_sedis,Leptodontidium
OTU1506,Fungi,Ascomycota,Dothideomycetes,Pleosporales,Leptosphaeriaceae,Leptosphaeria
OTU1146,Fungi,Basidiomycota,Microbotryomycetes,Leucosporidiales,Leucosporidiaceae,Leucosporidium
OTU1341,Fungi,Basidiomycota,Microbotryomycetes,Leucosporidiales,Leucosporidiaceae,Leucosporidium
OTU1379,Fungi,Ascomycota,Dothideomycetes,Pleosporales,Lophiostomataceae,Lophiostoma
OTU1109,Fungi,Basidiomycota,Malasseziomycetes,Malasseziales,Malasseziaceae,Malassezia
OTU129,Fungi,Basidiomycota,Malasseziomycetes,Malasseziales,Malasseziaceae,Malassezia
OTU156,Fungi,Basidiomycota,Malasseziomycetes,Malasseziales,Malasseziaceae,Malassezia
OTU207,Fungi,Basidiomycota,Malasseziomycetes,Malasseziales,Malasseziaceae,Malassezia
OTU438,Fungi,Basidiomycota,Malasseziomycetes,Malasseziales,Malasseziaceae,Malassezia
OTU440,Fungi,Basidiomycota,Malasseziomycetes,Malasseziales,Malasseziaceae,Malassezia
OTU1024,Fungi,Ascomycota,Sordariomycetes,Melanosporales,Melanosporaceae,Melanospora
OTU695,Fungi,Ascomycota,Leotiomycetes,Helotiales,Helotiaceae,Meliniomyces
OTU714,Fungi,Ascomycota,Leotiomycetes,Helotiales,Helotiaceae,Meliniomyces
OTU546,Fungi,Ascomycota,Sordariomycetes,Hypocreales,Clavicipitaceae,Metarhizium
OTU990,Fungi,Ascomycota,Saccharomycetes,Saccharomycetales,Debaryomycetaceae,Meyerozyma
OTU321,Fungi,Basidiomycota,Ustilaginomycetes,Ustilaginales,Ustilaginaceae,Moesziomyces
OTU1350,Fungi,Ascomycota,Sordariomycetes,Xylariales,Hyponectriaceae,Monographella
OTU1090,Fungi,Mortierellomycota,Mortierellomycetes,Mortierellales,Mortierellaceae,Mortierella
OTU1139,Fungi,Mortierellomycota,Mortierellomycetes,Mortierellales,Mortierellaceae,Mortierella
OTU1174,Fungi,Mortierellomycota,Mortierellomycetes,Mortierellales,Mortierellaceae,Mortierella
OTU1187,Fungi,Mortierellomycota,Mortierellomycetes,Mortierellales,Mortierellaceae,Mortierella
OTU1210,Fungi,Mortierellomycota,Mortierellomycetes,Mortierellales,Mortierellaceae,Mortierella
OTU1233,Fungi,Mortierellomycota,Mortierellomycetes,Mortierellales,Mortierellaceae,Mortierella
OTU1257,Fungi,Mortierellomycota,Mortierellomycetes,Mortierellales,Mortierellaceae,Mortierella
OTU1281,Fungi,Mortierellomycota,Mortierellomycetes,Mortierellales,Mortierellaceae,Mortierella
OTU1283,Fungi,Mortierellomycota,Mortierellomycetes,Mortierellales,Mortierellaceae,Mortierella
OTU1285,Fungi,Mortierellomycota,Mortierellomycetes,Mortierellales,Mortierellaceae,Mortierella
OTU1286,Fungi,Mortierellomycota,Mortierellomycetes,Mortierellales,Mortierellaceae,Mortierella
OTU1317,Fungi,Mortierellomycota,Mortierellomycetes,Mortierellales,Mortierellaceae,Mortierella
OTU1347,Fungi,Mortierellomycota,Mortierellomycetes,Mortierellales,Mortierellaceae,Mortierella
OTU1351,Fungi,Mortierellomycota,Mortierellomycetes,Mortierellales,Mortierellaceae,Mortierella
OTU1354,Fungi,Mortierellomycota,Mortierellomycetes,Mortierellales,Mortierellaceae,Mortierella
OTU1393,Fungi,Mortierellomycota,Mortierellomycetes,Mortierellales,Mortierellaceae,Mortierella
OTU526,Fungi,Mortierellomycota,Mortierellomycetes,Mortierellales,Mortierellaceae,Mortierella
OTU636,Fungi,Mortierellomycota,Mortierellomycetes,Mortierellales,Mortierellaceae,Mortierella
OTU793,Fungi,Mortierellomycota,Mortierellomycetes,Mortierellales,Mortierellaceae,Mortierella
OTU886,Fungi,Mortierellomycota,Mortierellomycetes,Mortierellales,Mortierellaceae,Mortierella
OTU899,Fungi,Mortierellomycota,Mortierellomycetes,Mortierellales,Mortierellaceae,Mortierella
OTU920,Fungi,Mortierellomycota,Mortierellomycetes,Mortierellales,Mortierellaceae,Mortierella
OTU930,Fungi,Mortierellomycota,Mortierellomycetes,Mortierellales,Mortierellaceae,Mortierella
OTU957,Fungi,Mortierellomycota,Mortierellomycetes,Mortierellales,Mortierellaceae,Mortierella
OTU977,Fungi,Mortierellomycota,Mortierellomycetes,Mortierellales,Mortierellaceae,Mortierella
OTU1151,Fungi,Basidiomycota,Tremellomycetes,Cystofilobasidiales,Mrakiaceae,Mrakia
OTU347,Fungi,Mucoromycota,Mucoromycetes,Mucorales,Mucoraceae,Mucor
OTU456,Fungi,Mucoromycota,Mucoromycetes,Mucorales,Mucoraceae,Mucor
OTU458,Fungi,Mucoromycota,Mucoromycetes,Mucorales,Mucoraceae,Mucor
OTU460,Fungi,Mucoromycota,Mucoromycetes,Mucorales,Mucoraceae,Mucor
OTU575,Fungi,Ascomycota,Dothideomycetes,Pleosporales,Phaeosphaeriaceae,Muriphaeosphaeria
OTU110,Fungi,Ascomycota,Dothideomycetes,Pleosporales,Amniculicolaceae,Murispora
OTU1088,Fungi,Ascomycota,Sordariomycetes,Sordariales,Chaetomiaceae,Myceliophthora
OTU715,Fungi,Ascomycota,Sordariomycetes,Sordariales,Chaetomiaceae,Myceliophthora
OTU202,Fungi,Basidiomycota,Agaricomycetes,Agaricales,Tricholomataceae,Mycena
OTU763,Fungi,Ascomycota,Sordariomycetes,Sordariales,Chaetomiaceae,Mycothermus
OTU1055,Fungi,Ascomycota,Sordariomycetes,Myrmecridiales,Myrmecridiaceae,Myrmecridium
OTU1087,Fungi,Ascomycota,Sordariomycetes,Myrmecridiales,Myrmecridiaceae,Myrmecridium
OTU1110,Fungi,Ascomycota,Sordariomycetes,Myrmecridiales,Myrmecridiaceae,Myrmecridium
OTU1122,Fungi,Ascomycota,Sordariomycetes,Myrmecridiales,Myrmecridiaceae,Myrmecridium
OTU1067,Fungi,Ascomycota,Sordariomycetes,Hypocreales,Stachybotryaceae,Myrothecium
OTU1178,Fungi,Ascomycota,Saccharomycetes,Saccharomycetales,Saccharomycetales_fam_Incertae_sedis,Nadsonia
OTU221,Fungi,Basidiomycota,Agaricomycetes,Agaricales,Pleurotaceae,Nematoctonus
OTU543,Fungi,Ascomycota,Leotiomycetes,Helotiales,Leotiaceae,Neobulgaria
OTU1356,Fungi,Ascomycota,Dothideomycetes,Capnodiales,Neodevriesiaceae,Neodevriesia
OTU1273,Fungi,Ascomycota,Sordariomycetes,Trichosphaeriales,Trichosphaeriaceae,Nigrospora
OTU1434,Fungi,Basidiomycota,Cystobasidiomycetes,Cystobasidiales,Cystobasidiaceae,Occultifur
OTU308,Fungi,Ascomycota,Leotiomycetes,Helotiales,Dermateaceae,Oculimacula
OTU1036,Fungi,Ascomycota,Leotiomycetes,Helotiales,Myxotrichaceae,Oidiodendron
OTU1247,Fungi,Ascomycota,Leotiomycetes,Helotiales,Myxotrichaceae,Oidiodendron
OTU976,Fungi,Ascomycota,Leotiomycetes,Helotiales,Myxotrichaceae,Oidiodendron
OTU984,Fungi,Ascomycota,Leotiomycetes,Helotiales,Myxotrichaceae,Oidiodendron
OTU478,Fungi,Ascomycota,Dothideomycetes,Pleosporales,Didymosphaeriaceae,Paraconiothyrium
OTU549,Fungi,Ascomycota,Dothideomycetes,Pleosporales,Didymosphaeriaceae,Paraphaeosphaeria
OTU777,Fungi,Ascomycota,Dothideomycetes,Pleosporales,Didymosphaeriaceae,Paraphaeosphaeria
OTU826,Fungi,Ascomycota,Dothideomycetes,Pleosporales,Phaeosphaeriaceae,Paraphoma
OTU1413,Fungi,Ascomycota,Eurotiomycetes,Eurotiales,Aspergillaceae,Penicillium
OTU834,Fungi,Ascomycota,Eurotiomycetes,Eurotiales,Aspergillaceae,Penicillium
OTU835,Fungi,Ascomycota,Eurotiomycetes,Eurotiales,Aspergillaceae,Penicillium
OTU846,Fungi,Ascomycota,Eurotiomycetes,Eurotiales,Aspergillaceae,Penicillium
OTU861,Fungi,Ascomycota,Eurotiomycetes,Eurotiales,Aspergillaceae,Penicillium
OTU862,Fungi,Ascomycota,Eurotiomycetes,Eurotiales,Aspergillaceae,Penicillium
OTU865,Fungi,Ascomycota,Eurotiomycetes,Eurotiales,Aspergillaceae,Penicillium
OTU867,Fungi,Ascomycota,Eurotiomycetes,Eurotiales,Aspergillaceae,Penicillium
OTU868,Fungi,Ascomycota,Eurotiomycetes,Eurotiales,Aspergillaceae,Penicillium
OTU869,Fungi,Ascomycota,Eurotiomycetes,Eurotiales,Aspergillaceae,Penicillium
OTU885,Fungi,Ascomycota,Eurotiomycetes,Eurotiales,Aspergillaceae,Penicillium
OTU903,Fungi,Ascomycota,Eurotiomycetes,Eurotiales,Aspergillaceae,Penicillium
OTU905,Fungi,Ascomycota,Eurotiomycetes,Eurotiales,Aspergillaceae,Penicillium
OTU908,Fungi,Ascomycota,Eurotiomycetes,Eurotiales,Aspergillaceae,Penicillium
OTU910,Fungi,Ascomycota,Eurotiomycetes,Eurotiales,Aspergillaceae,Penicillium
OTU664,Fungi,Basidiomycota,Agaricomycetes,Polyporales,Ganodermataceae,Perenniporia
OTU1116,Fungi,Ascomycota,Dothideomycetes,Pleosporales,Periconiaceae,Periconia
OTU1057,Fungi,Ascomycota,Leotiomycetes,Helotiales,Leotiaceae,Pezoloma
OTU556,Fungi,Ascomycota,Eurotiomycetes,Phaeomoniellales,Phaeomoniellaceae,Phaeomoniella
OTU708,Fungi,Ascomycota,Dothideomycetes,Pleosporales,Phaeosphaeriaceae,Phaeosphaeria
OTU579,Fungi,Basidiomycota,Agaricomycetes,Polyporales,Meruliaceae,Phanerochaete
OTU312,Fungi,Basidiomycota,Agaricomycetes,Hymenochaetales,Hymenochaetaceae,Phellinus
OTU1080,Fungi,Ascomycota,Sordariomycetes,Sordariales,Cephalothecaceae,Phialemonium
OTU1144,Fungi,Ascomycota,Sordariomycetes,Sordariales,Cephalothecaceae,Phialemonium
OTU1496,Fungi,Ascomycota,Leotiomycetes,Helotiales,Vibrisseaceae,Phialocephala
OTU459,Fungi,Ascomycota,Eurotiomycetes,Chaetothyriales,Herpotrichiellaceae,Phialophora
OTU215,Fungi,Basidiomycota,Agaricomycetes,Agaricales,Strophariaceae,Pholiota
OTU284,Fungi,Basidiomycota,Agaricomycetes,Agaricales,Strophariaceae,Pholiota
OTU289,Fungi,Basidiomycota,Agaricomycetes,Agaricales,Strophariaceae,Pholiota
OTU648,Fungi,Basidiomycota,Agaricomycetes,Atheliales,Atheliaceae,Piloderma
OTU424,Fungi,Basidiomycota,Agaricomycetes,Polyporales,Fomitopsidaceae,Piptoporus
OTU1418,Fungi,Ascomycota,Sordariomycetes,Glomerellales,Plectosphaerellaceae,Plectosphaerella
OTU128,Fungi,Ascomycota,Dothideomycetes,Pleosporales,Leptosphaeriaceae,Plenodomus
OTU759,Fungi,Ascomycota,Dothideomycetes,Pleosporales,Sporormiaceae,Preussia
OTU1455,Fungi,Ascomycota,Dothideomycetes,Pleosporales,Pleomassariaceae,Prosthemium
OTU267,Fungi,Basidiomycota,Agaricomycetes,Agaricales,Psathyrellaceae,Psathyrella
OTU892,Fungi,Ascomycota,Leotiomycetes,Thelebolales,Pseudeurotiaceae,Pseudogymnoascus
OTU1358,Fungi,Basidiomycota,Agaricomycetes,Auriculariales,Hyaloriaceae,Pseudohydnum
OTU421,Fungi,Ascomycota,Dothideomycetes,Pleosporales,Didymosphaeriaceae,Pseudopithomyces
OTU740,Fungi,Ascomycota,Sordariomycetes,Hypocreales,Ophiocordycipitaceae,Purpureocillium
OTU590,Fungi,Basidiomycota,Agaricomycetes,Polyporales,Coriolaceae,Pycnoporus
OTU806,Fungi,Ascomycota,Dothideomycetes,Pleosporales,Pleosporaceae,Pyrenophora
OTU1374,Fungi,Ascomycota,Sordariomycetes,Sordariales,Sordariales_fam_Incertae_sedis,Ramophialophora
OTU300,Fungi,Basidiomycota,Agaricomycetes,Hymenochaetales,Hymenochaetales_fam_Incertae_sedis,Resinicium
OTU1004,Fungi,Ascomycota,Leotiomycetes,Helotiales,Dermateaceae,Rhizodermea
OTU1623,Fungi,Glomeromycota,Glomeromycetes,Glomerales,Glomeraceae,Rhizophagus
OTU294,Fungi,Chytridiomycota,Rhizophlyctidomycetes,Rhizophlyctidales,Rhizophlyctidaceae,Rhizophlyctis
OTU365,Fungi,Chytridiomycota,Rhizophlyctidomycetes,Rhizophlyctidales,Rhizophlyctidaceae,Rhizophlyctis
OTU318,Fungi,Chytridiomycota,Rhizophydiomycetes,Rhizophydiales,Rhizophydiaceae,Rhizophydium
OTU492,Fungi,Chytridiomycota,Rhizophydiomycetes,Rhizophydiales,Rhizophydiaceae,Rhizophydium
OTU1282,Fungi,Basidiomycota,Microbotryomycetes,Sporidiobolales,Sporidiobolaceae,Rhodosporidiobolus
OTU1451,Fungi,Ascomycota,Leotiomycetes,Rhytismatales,Rhytismataceae,Rhytisma
OTU1206,Fungi,Ascomycota,Leotiomycetes,Helotiales,Hyaloscyphaceae,Rodwayella
OTU1315,Fungi,Ascomycota,Eurotiomycetes,Eurotiales,Trichocomaceae,Sagenomella
OTU1045,Fungi,Ascomycota,Sordariomycetes,Hypocreales,Hypocreales_fam_Incertae_sedis,Sarocladium
OTU1083,Fungi,Ascomycota,Sordariomycetes,Hypocreales,Hypocreales_fam_Incertae_sedis,Sarocladium
OTU1145,Fungi,Ascomycota,Sordariomycetes,Microascales,Microascaceae,Scedosporium
OTU1186,Fungi,Ascomycota,Sordariomycetes,Microascales,Microascaceae,Scedosporium
OTU1191,Fungi,Ascomycota,Sordariomycetes,Microascales,Microascaceae,Scedosporium
OTU1224,Fungi,Ascomycota,Sordariomycetes,Microascales,Microascaceae,Scedosporium
OTU591,Fungi,Basidiomycota,Agaricomycetes,Polyporales,Meruliaceae,Scopuloides
OTU613,Fungi,Ascomycota,Leotiomycetes,Helotiales,Helotiaceae,Scytalidium
OTU670,Fungi,Ascomycota,Leotiomycetes,Helotiales,Helotiaceae,Scytalidium
OTU873,Fungi,Ascomycota,Leotiomycetes,Helotiales,Helotiaceae,Scytalidium
OTU1189,Fungi,Basidiomycota,Agaricomycetes,Sebacinales,Serendipitaceae,Serendipita
OTU457,Fungi,Basidiomycota,Agaricomycetes,Sebacinales,Serendipitaceae,Serendipita
OTU485,Fungi,Basidiomycota,Agaricomycetes,Sebacinales,Serendipitaceae,Serendipita
OTU510,Fungi,Basidiomycota,Agaricomycetes,Sebacinales,Serendipitaceae,Serendipita
OTU1383,Fungi,Ascomycota,Sordariomycetes,Hypocreales,Cordycipitaceae,Simplicillium
OTU596,Fungi,Basidiomycota,Agaricomycetes,Trechisporales,Trechisporales_fam_Incertae_sedis,Sistotremastrum
OTU1007,Fungi,Basidiomycota,Tremellomycetes,Filobasidiales,Piskurozymaceae,Solicoccozyma
OTU1069,Fungi,Basidiomycota,Tremellomycetes,Filobasidiales,Piskurozymaceae,Solicoccozyma
OTU1018,Fungi,Ascomycota,Dothideomycetes,Pleosporales,Didymosphaeriaceae,Spegazzinia
OTU1271,Fungi,Basidiomycota,Microbotryomycetes,Sporidiobolales,Sporidiobolaceae,Sporobolomyces
OTU1382,Fungi,Basidiomycota,Microbotryomycetes,Sporidiobolales,Sporidiobolaceae,Sporobolomyces
OTU607,Fungi,Ascomycota,Dothideomycetes,Pleosporales,Massarinaceae,Stagonospora
OTU640,Fungi,Ascomycota,Dothideomycetes,Pleosporales,Massarinaceae,Stagonospora
OTU288,Fungi,Basidiomycota,Agaricomycetes,Agaricales,Strophariaceae,Stropharia
OTU1502,Fungi,Ascomycota,Saccharomycetes,Saccharomycetales,Trichomonascaceae,Sugiyamaella
OTU393,Fungi,Basidiomycota,Agaricomycetes,Boletales,Suillaceae,Suillus
OTU406,Fungi,Basidiomycota,Agaricomycetes,Boletales,Suillaceae,Suillus
OTU453,Fungi,Basidiomycota,Agaricomycetes,Boletales,Suillaceae,Suillus
OTU280,Fungi,Zoopagomycota,Zoopagomycetes,Zoopagales,Piptocephalidaceae,Syncephalis
OTU773,Fungi,Ascomycota,Eurotiomycetes,Eurotiales,Trichocomaceae,Talaromyces
OTU802,Fungi,Ascomycota,Eurotiomycetes,Eurotiales,Trichocomaceae,Talaromyces
OTU822,Fungi,Ascomycota,Eurotiomycetes,Eurotiales,Trichocomaceae,Talaromyces
OTU858,Fungi,Ascomycota,Eurotiomycetes,Eurotiales,Trichocomaceae,Talaromyces
OTU837,Fungi,Ascomycota,Taphrinomycetes,Taphrinales,Taphrinaceae,Taphrina
OTU904,Fungi,Ascomycota,Taphrinomycetes,Taphrinales,Taphrinaceae,Taphrina
OTU931,Fungi,Ascomycota,Taphrinomycetes,Taphrinales,Taphrinaceae,Taphrina
OTU1280,Fungi,Ascomycota,Dothideomycetes,Pleosporales,Tetraplosphaeriaceae,Tetraplosphaeria
OTU454,Fungi,Ascomycota,Eurotiomycetes,Eurotiales,Trichocomaceae,Thermomyces
OTU399,Fungi,Ascomycota,Sordariomycetes,Hypocreales,Hypocreaceae,Trichoderma
OTU448,Fungi,Ascomycota,Sordariomycetes,Hypocreales,Hypocreaceae,Trichoderma
OTU461,Fungi,Ascomycota,Sordariomycetes,Hypocreales,Hypocreaceae,Trichoderma
OTU473,Fungi,Ascomycota,Sordariomycetes,Hypocreales,Hypocreaceae,Trichoderma
OTU500,Fungi,Ascomycota,Sordariomycetes,Hypocreales,Hypocreaceae,Trichoderma
OTU501,Fungi,Ascomycota,Sordariomycetes,Hypocreales,Hypocreaceae,Trichoderma
OTU523,Fungi,Ascomycota,Sordariomycetes,Hypocreales,Hypocreaceae,Trichoderma
OTU548,Fungi,Ascomycota,Sordariomycetes,Hypocreales,Hypocreaceae,Trichoderma
OTU553,Fungi,Ascomycota,Sordariomycetes,Hypocreales,Hypocreaceae,Trichoderma
OTU555,Fungi,Ascomycota,Sordariomycetes,Hypocreales,Hypocreaceae,Trichoderma
OTU749,Fungi,Ascomycota,Sordariomycetes,Hypocreales,Hypocreaceae,Trichoderma
OTU1529,Fungi,Basidiomycota,Tremellomycetes,Trichosporonales,Trichosporonaceae,Trichosporon
OTU893,Fungi,Ascomycota,Sordariomycetes,Hypocreales,Hypocreales_fam_Incertae_sedis,Trichothecium
OTU641,Fungi,Basidiomycota,Agaricomycetes,Polyporales,Fomitopsidaceae,Tyromyces
OTU479,Fungi,Mucoromycota,Umbelopsidomycetes,Umbelopsidales,Umbelopsidaceae,Umbelopsis
OTU491,Fungi,Mucoromycota,Umbelopsidomycetes,Umbelopsidales,Umbelopsidaceae,Umbelopsis
OTU820,Fungi,Mucoromycota,Umbelopsidomycetes,Umbelopsidales,Umbelopsidaceae,Umbelopsis
OTU850,Fungi,Mucoromycota,Umbelopsidomycetes,Umbelopsidales,Umbelopsidaceae,Umbelopsis
OTU864,Fungi,Mucoromycota,Umbelopsidomycetes,Umbelopsidales,Umbelopsidaceae,Umbelopsis
OTU1149,Fungi,Basidiomycota,Tremellomycetes,Filobasidiales,Filobasidiaceae,Naganishia
OTU279,Fungi,Basidiomycota,Ustilaginomycetes,Ustilaginales,Ustilaginaceae,Ustilago
OTU392,Fungi,Basidiomycota,Ustilaginomycetes,Ustilaginales,Ustilaginaceae,Ustilago
OTU1561,Fungi,Basidiomycota,Tremellomycetes,Trichosporonales,Trichosporonaceae,Vanrija
OTU1438,Fungi,Basidiomycota,Tremellomycetes,Tremellales,Bulleribasidiaceae,Vishniacozyma
OTU1452,Fungi,Basidiomycota,Tremellomycetes,Tremellales,Bulleribasidiaceae,Vishniacozyma
OTU319,Fungi,Ascomycota,Leotiomycetes,Helotiales,Helotiales_fam_Incertae_sedis,Volucrispora
OTU1423,Fungi,Ascomycota,Sordariomycetes,Sordariales,Chaetomiaceae,Zopfiella
OTU1435,Fungi,Ascomycota,Sordariomycetes,Sordariales,Chaetomiaceae,Zopfiella
OTU1444,Fungi,Ascomycota,Sordariomycetes,Sordariales,Chaetomiaceae,Zopfiella
OTU1446,Fungi,Ascomycota,Sordariomycetes,Sordariales,Chaetomiaceae,Zopfiella
OTU1448,Fungi,Ascomycota,Sordariomycetes,Sordariales,Chaetomiaceae,Zopfiella
